feature,coefficient
B01001B_020E,-5.430347536313651e-05
B01001B_025E,3.6166307933473234e-05
B01001B_027E,3.5592356582201393e-06
B01001B_012E,3.115582230387703e-06
B01001B_017E,3.891006957310947e-07
